{
  "2024-08": 0.605306,
  "2024-09": 0.676227,
  "2024-10": 0.704241,
  "2024-11": 0.385874,
  "2024-12": 0.171924,
  "2025-01": 0.589427,
  "2025-02": 0.902209,
  "2025-03": 0,
  "2025-04": 0.321969,
  "2025-05": 0.6232,
  "2025-06": 0.775982,
  "2025-07": 0.83488,
  "2025-08": 0.942622,
  "2025-09": 1.305984,
  "2025-10": 0.736394,
  "2025-11": 1.093764,
  "2025-12": 0.851001,
  "2026-01": 0.96751
}
